verificado_em,id,status,ms
2026-10-06T00:18:02Z,diagnostico-jurema,fora,529
2026-10-06T00:18:02Z,adicionalidade-hidrica,ok,2092
2026-10-06T00:18:02Z,adicionalidade-hidrica-servico,ok,305
2026-10-06T00:18:02Z,criacao-rppn,ok,600
2026-10-06T00:18:02Z,incidencia-jurema,ok,1023
2026-10-06T00:18:02Z,fogo-infiltracao,fora,752
2026-10-06T00:18:02Z,povoado-consulta,ok,214
2026-10-06T00:18:02Z,povos-metricas,nao_verificavel,610
2026-10-06T00:18:02Z,aprhic-webmap,ok,43
2026-10-06T00:18:02Z,aprhic-nota,ok,358
2026-10-06T00:18:02Z,aprhic-analise,ok,265
2026-10-06T00:18:02Z,editais,ok,150
2026-10-06T00:18:02Z,vereda,ok,412
2026-10-06T00:18:02Z,sistema-cerrado,ok,606
2026-10-06T00:21:48Z,diagnostico-jurema,fora,309
2026-10-06T00:21:48Z,adicionalidade-hidrica,ok,1178
2026-10-06T00:21:48Z,adicionalidade-hidrica-servico,ok,67
2026-10-06T00:21:48Z,criacao-rppn,ok,431
2026-10-06T00:21:48Z,incidencia-jurema,ok,56
2026-10-06T00:21:48Z,fogo-infiltracao,fora,366
2026-10-06T00:21:48Z,povoado-consulta,ok,125
2026-10-06T00:21:48Z,povos-metricas,nao_verificavel,342
2026-10-06T00:21:48Z,aprhic-webmap,ok,251
2026-10-06T00:21:48Z,aprhic-nota,ok,130
2026-10-06T00:21:48Z,aprhic-analise,ok,75
2026-10-06T00:21:48Z,editais,ok,246
2026-10-06T00:21:48Z,vereda,ok,1593
2026-10-06T00:21:48Z,sistema-cerrado,ok,375
2026-10-06T06:50:53Z,diagnostico-jurema,fora,390
2026-10-06T06:50:53Z,adicionalidade-hidrica,ok,2162
2026-10-06T06:50:53Z,adicionalidade-hidrica-servico,ok,12888
2026-10-06T06:50:53Z,criacao-rppn,ok,380
2026-10-06T06:50:53Z,incidencia-jurema,ok,122
2026-10-06T06:50:53Z,fogo-infiltracao,ok,359
2026-10-06T06:50:53Z,povoado-consulta,ok,59
2026-10-06T06:50:53Z,povos-metricas,nao_verificavel,379
2026-10-06T06:50:53Z,aprhic-webmap,ok,228
2026-10-06T06:50:53Z,aprhic-nota,ok,184
2026-10-06T06:50:53Z,aprhic-analise,ok,92
2026-10-06T06:50:53Z,editais,ok,348
2026-10-06T06:50:53Z,vereda,ok,2277
2026-10-06T06:50:53Z,sistema-cerrado,ok,479
2026-10-06T15:26:32Z,diagnostico-jurema,atencao,393
2026-10-06T15:26:32Z,adicionalidade-hidrica,ok,2289
2026-10-06T15:26:32Z,adicionalidade-hidrica-servico,ok,16474
2026-10-06T15:26:32Z,criacao-rppn,atencao,303
2026-10-06T15:26:32Z,incidencia-jurema,ok,231
2026-10-06T15:26:32Z,fogo-infiltracao,atencao,346
2026-10-06T15:26:32Z,povoado-consulta,ok,118
2026-10-06T15:26:32Z,povos-metricas,nao_verificavel,385
2026-10-06T15:26:32Z,aprhic-webmap,ok,332
2026-10-06T15:26:32Z,aprhic-nota,ok,390
2026-10-06T15:26:32Z,aprhic-analise,ok,137
2026-10-06T15:26:32Z,editais,ok,360
2026-10-06T15:26:32Z,vereda,ok,2112
2026-10-06T15:26:32Z,sistema-cerrado,ok,415
2026-10-06T21:13:28Z,diagnostico-jurema,atencao,433
2026-10-06T21:13:28Z,adicionalidade-hidrica,ok,2376
2026-10-06T21:13:28Z,adicionalidade-hidrica-servico,ok,17099
2026-10-06T21:13:28Z,criacao-rppn,atencao,352
2026-10-06T21:13:28Z,incidencia-jurema,ok,85
2026-10-06T21:13:28Z,fogo-infiltracao,ok,376
2026-10-06T21:13:28Z,povoado-consulta,ok,132
2026-10-06T21:13:28Z,povos-metricas,nao_verificavel,400
2026-10-06T21:13:28Z,aprhic-webmap,ok,254
2026-10-06T21:13:28Z,aprhic-nota,ok,133
2026-10-06T21:13:28Z,aprhic-analise,ok,77
2026-10-06T21:13:28Z,editais,ok,133
2026-10-06T21:13:28Z,vereda,ok,2257
2026-10-06T21:13:28Z,sistema-cerrado,ok,481
2026-10-07T06:27:10Z,diagnostico-jurema,atencao,309
2026-10-07T06:27:10Z,adicionalidade-hidrica,ok,2474
2026-10-07T06:27:10Z,adicionalidade-hidrica-servico,ok,13313
2026-10-07T06:27:10Z,criacao-rppn,atencao,449
2026-10-07T06:27:10Z,incidencia-jurema,ok,176
2026-10-07T06:27:10Z,fogo-infiltracao,ok,404
2026-10-07T06:27:10Z,povoado-consulta,ok,129
2026-10-07T06:27:10Z,povos-metricas,nao_verificavel,394
2026-10-07T06:27:10Z,aprhic-webmap,ok,301
2026-10-07T06:27:10Z,aprhic-nota,ok,238
2026-10-07T06:27:10Z,aprhic-analise,ok,146
2026-10-07T06:27:10Z,editais,ok,454
2026-10-07T06:27:10Z,vereda,ok,2412
2026-10-07T06:27:10Z,sistema-cerrado,ok,352
2026-10-07T15:46:05Z,diagnostico-jurema,atencao,346
2026-10-07T15:46:05Z,adicionalidade-hidrica,ok,2540
2026-10-07T15:46:05Z,adicionalidade-hidrica-servico,ok,23795
2026-10-07T15:46:05Z,criacao-rppn,atencao,315
2026-10-07T15:46:05Z,incidencia-jurema,ok,233
2026-10-07T15:46:05Z,fogo-infiltracao,atencao,309
2026-10-07T15:46:05Z,povoado-consulta,ok,145
2026-10-07T15:46:05Z,povos-metricas,nao_verificavel,380
2026-10-07T15:46:05Z,aprhic-webmap,ok,317
2026-10-07T15:46:05Z,aprhic-nota,ok,375
2026-10-07T15:46:05Z,aprhic-analise,ok,140
2026-10-07T15:46:05Z,editais,ok,410
2026-10-07T15:46:05Z,vereda,ok,2737
2026-10-07T15:46:05Z,sistema-cerrado,ok,317
2026-10-07T21:33:46Z,diagnostico-jurema,atencao,293
2026-10-07T21:33:46Z,adicionalidade-hidrica,ok,2358
2026-10-07T21:33:46Z,adicionalidade-hidrica-servico,ok,18915
2026-10-07T21:33:46Z,criacao-rppn,ok,323
2026-10-07T21:33:46Z,incidencia-jurema,ok,336
2026-10-07T21:33:46Z,fogo-infiltracao,atencao,338
2026-10-07T21:33:46Z,povoado-consulta,ok,276
2026-10-07T21:33:46Z,povos-metricas,nao_verificavel,315
2026-10-07T21:33:46Z,aprhic-webmap,ok,483
2026-10-07T21:33:46Z,aprhic-nota,ok,244
2026-10-07T21:33:46Z,aprhic-analise,ok,310
2026-10-07T21:33:46Z,editais,ok,379
2026-10-07T21:33:46Z,vereda,ok,2752
2026-10-07T21:33:46Z,sistema-cerrado,ok,328
2026-10-08T06:38:25Z,diagnostico-jurema,atencao,382
2026-10-08T06:38:25Z,adicionalidade-hidrica,ok,2284
2026-10-08T06:38:25Z,adicionalidade-hidrica-servico,ok,10309
2026-10-08T06:38:25Z,criacao-rppn,ok,414
2026-10-08T06:38:25Z,incidencia-jurema,ok,159
2026-10-08T06:38:25Z,fogo-infiltracao,atencao,418
2026-10-08T06:38:25Z,povoado-consulta,ok,118
2026-10-08T06:38:25Z,povos-metricas,nao_verificavel,358
2026-10-08T06:38:25Z,aprhic-webmap,ok,400
2026-10-08T06:38:25Z,aprhic-nota,ok,262
2026-10-08T06:38:25Z,aprhic-analise,ok,192
2026-10-08T06:38:25Z,editais,ok,380
2026-10-08T06:38:25Z,vereda,ok,2136
2026-10-08T06:38:25Z,sistema-cerrado,ok,467
